"Reference","Qty","Value","Display","DNP","Exclude from BOM","Exclude from Board","Footprint","Datasheet","설명","MF","MPN","PKG"
"C101","1","2.2u","2.2uF(1608)","","","","Capacitor_SMD:C_0603_1608Metric","","Unpolarized capacitor","","","1608"
"C102","1","100n","100nF(1608)","","","","Capacitor_SMD:C_0603_1608Metric","","Unpolarized capacitor","","","1608"
"C103","1","10u","10uF(2012)","","","","Capacitor_SMD:C_0805_2012Metric","","Unpolarized capacitor","","","2012"
"C104","1","100n","100nF(1608)","","","","Capacitor_SMD:C_0603_1608Metric","","Unpolarized capacitor","","","1608"
"C105","1","2.2u","2.2uF(1608)","","","","Capacitor_SMD:C_0603_1608Metric","","Unpolarized capacitor","","","1608"
"C106","1","2.2u","2.2uF(1608)","","","","Capacitor_SMD:C_0603_1608Metric","","Unpolarized capacitor","","","1608"
"C107","1","2.2u","2.2uF(1608)","","","","Capacitor_SMD:C_0603_1608Metric","","Unpolarized capacitor","","","1608"
"C108","1","100n","100nF(1608)","","","","Capacitor_SMD:C_0603_1608Metric","","Unpolarized capacitor","","","1608"
"C109","1","100n","100nF(1608)","","","","Capacitor_SMD:C_0603_1608Metric","","Unpolarized capacitor","","","1608"
"C110","1","2.2u","2.2uF(1608)","","","","Capacitor_SMD:C_0603_1608Metric","","Unpolarized capacitor","","","1608"
"C111","1","2.2u","2.2uF(1608)","","","","Capacitor_SMD:C_0603_1608Metric","","Unpolarized capacitor","","","1608"
"C112","1","100n","100nF(1608)","","","","Capacitor_SMD:C_0603_1608Metric","","Unpolarized capacitor","","","1608"
"C113","1","100n","100nF(1608)","","","","Capacitor_SMD:C_0603_1608Metric","","Unpolarized capacitor","","","1608"
"C114","1","100n","100nF(1608)","","","","Capacitor_SMD:C_0603_1608Metric","","Unpolarized capacitor","","","1608"
"C115","1","100n","100nF(1608)","","","","Capacitor_SMD:C_0603_1608Metric","","Unpolarized capacitor","","","1608"
"C201","1","10n","10nF(1608)","","","","Capacitor_SMD:C_0603_1608Metric","","Unpolarized capacitor","","","1608"
"C202","1","10n","10nF(1608)","","","","Capacitor_SMD:C_0603_1608Metric","","Unpolarized capacitor","","","1608"
"C203","1","100n","100nF(1608)","","","","Capacitor_SMD:C_0603_1608Metric","","Unpolarized capacitor","","","1608"
"C301","1","10n","10nF(1608)","","","","Capacitor_SMD:C_0603_1608Metric","","Unpolarized capacitor","","","1608"
"C302","1","10n","10nF(1608)","","","","Capacitor_SMD:C_0603_1608Metric","","Unpolarized capacitor","","","1608"
"C303","1","100n","100nF(1608)","","","","Capacitor_SMD:C_0603_1608Metric","","Unpolarized capacitor","","","1608"
"C401","1","6.8n","6.8nF(1608)","","","","Capacitor_SMD:C_0603_1608Metric","","Unpolarized capacitor","","","1608"
"C402","1","6.8n","6.8nF(1608)","","","","Capacitor_SMD:C_0603_1608Metric","","Unpolarized capacitor","","","1608"
"C403","1","100n","100nF(1608)","","","","Capacitor_SMD:C_0603_1608Metric","","Unpolarized capacitor","","","1608"
"C501","1","4.7n","4.7nF(1608)","","","","Capacitor_SMD:C_0603_1608Metric","","Unpolarized capacitor","","","1608"
"C502","1","4.7n","4.7nF(1608)","","","","Capacitor_SMD:C_0603_1608Metric","","Unpolarized capacitor","","","1608"
"C503","1","100n","100nF(1608)","","","","Capacitor_SMD:C_0603_1608Metric","","Unpolarized capacitor","","","1608"
"C601","1","4.7n","4.7nF(1608)","","","","Capacitor_SMD:C_0603_1608Metric","","Unpolarized capacitor","","","1608"
"C602","1","4.7n","4.7nF(1608)","","","","Capacitor_SMD:C_0603_1608Metric","","Unpolarized capacitor","","","1608"
"C603","1","100n","100nF(1608)","","","","Capacitor_SMD:C_0603_1608Metric","","Unpolarized capacitor","","","1608"
"C701","1","3.3n","3.3nF(1608)","","","","Capacitor_SMD:C_0603_1608Metric","","Unpolarized capacitor","","","1608"
"C702","1","3.3n","3.3nF(1608)","","","","Capacitor_SMD:C_0603_1608Metric","","Unpolarized capacitor","","","1608"
"C703","1","100n","100nF(1608)","","","","Capacitor_SMD:C_0603_1608Metric","","Unpolarized capacitor","","","1608"
"C801","1","2.2n","2.2nF(1608)","","","","Capacitor_SMD:C_0603_1608Metric","","Unpolarized capacitor","","","1608"
"C802","1","2.2n","2.2nF(1608)","","","","Capacitor_SMD:C_0603_1608Metric","","Unpolarized capacitor","","","1608"
"C803","1","100n","100nF(1608)","","","","Capacitor_SMD:C_0603_1608Metric","","Unpolarized capacitor","","","1608"
"C901","1","2.2n","2.2nF(1608)","","","","Capacitor_SMD:C_0603_1608Metric","","Unpolarized capacitor","","","1608"
"C902","1","2.2n","2.2nF(1608)","","","","Capacitor_SMD:C_0603_1608Metric","","Unpolarized capacitor","","","1608"
"C903","1","100n","100nF(1608)","","","","Capacitor_SMD:C_0603_1608Metric","","Unpolarized capacitor","","","1608"
"C1001","1","1.5n","1.5nF(1608)","","","","Capacitor_SMD:C_0603_1608Metric","","Unpolarized capacitor","","","1608"
"C1002","1","1.5n","1.5nF(1608)","","","","Capacitor_SMD:C_0603_1608Metric","","Unpolarized capacitor","","","1608"
"C1003","1","100n","100nF(1608)","","","","Capacitor_SMD:C_0603_1608Metric","","Unpolarized capacitor","","","1608"
"C1101","1","1.5n","1.5nF(1608)","","","","Capacitor_SMD:C_0603_1608Metric","","Unpolarized capacitor","","","1608"
"C1102","1","1.5n","1.5nF(1608)","","","","Capacitor_SMD:C_0603_1608Metric","","Unpolarized capacitor","","","1608"
"C1103","1","100n","100nF(1608)","","","","Capacitor_SMD:C_0603_1608Metric","","Unpolarized capacitor","","","1608"
"C1201","1","1n","1nF(1608)","","","","Capacitor_SMD:C_0603_1608Metric","","Unpolarized capacitor","","","1608"
"C1202","1","1n","1nF(1608)","","","","Capacitor_SMD:C_0603_1608Metric","","Unpolarized capacitor","","","1608"
"C1203","1","100n","100nF(1608)","","","","Capacitor_SMD:C_0603_1608Metric","","Unpolarized capacitor","","","1608"
"C1301","1","680p","680pF(1608)","","","","Capacitor_SMD:C_0603_1608Metric","","Unpolarized capacitor","","","1608"
"C1302","1","680p","680pF(1608)","","","","Capacitor_SMD:C_0603_1608Metric","","Unpolarized capacitor","","","1608"
"C1303","1","100n","100nF(1608)","","","","Capacitor_SMD:C_0603_1608Metric","","Unpolarized capacitor","","","1608"
"C1401","1","680p","680pF(1608)","","","","Capacitor_SMD:C_0603_1608Metric","","Unpolarized capacitor","","","1608"
"C1402","1","680p","680pF(1608)","","","","Capacitor_SMD:C_0603_1608Metric","","Unpolarized capacitor","","","1608"
"C1403","1","100n","100nF(1608)","","","","Capacitor_SMD:C_0603_1608Metric","","Unpolarized capacitor","","","1608"
"C1501","1","470p","470pF(1608)","","","","Capacitor_SMD:C_0603_1608Metric","","Unpolarized capacitor","","","1608"
"C1502","1","470p","470pF(1608)","","","","Capacitor_SMD:C_0603_1608Metric","","Unpolarized capacitor","","","1608"
"C1503","1","100n","100nF(1608)","","","","Capacitor_SMD:C_0603_1608Metric","","Unpolarized capacitor","","","1608"
"C1601","1","330p","330pF(1608)","","","","Capacitor_SMD:C_0603_1608Metric","","Unpolarized capacitor","","","1608"
"C1602","1","330p","330pF(1608)","","","","Capacitor_SMD:C_0603_1608Metric","","Unpolarized capacitor","","","1608"
"C1603","1","100n","100nF(1608)","","","","Capacitor_SMD:C_0603_1608Metric","","Unpolarized capacitor","","","1608"
"C1701","1","220p","220pF(1608)","","","","Capacitor_SMD:C_0603_1608Metric","","Unpolarized capacitor","","","1608"
"C1702","1","220p","220pF(1608)","","","","Capacitor_SMD:C_0603_1608Metric","","Unpolarized capacitor","","","1608"
"C1703","1","100n","100nF(1608)","","","","Capacitor_SMD:C_0603_1608Metric","","Unpolarized capacitor","","","1608"
"C1801","1","100n","100nF(1608)","","","","Capacitor_SMD:C_0603_1608Metric","","Unpolarized capacitor","","","1608"
"C1802","1","39n","39nF(1608)","","","","Capacitor_SMD:C_0603_1608Metric","","Unpolarized capacitor","","","1608"
"C1803","1","39n","39nF(1608)","","","","Capacitor_SMD:C_0603_1608Metric","","Unpolarized capacitor","","","1608"
"C1804","1","39n","39nF(1608)","","","","Capacitor_SMD:C_0603_1608Metric","","Unpolarized capacitor","","","1608"
"C1805","1","39n","39nF(1608)","","","","Capacitor_SMD:C_0603_1608Metric","","Unpolarized capacitor","","","1608"
"C1901","1","100n","100nF(1608)","","","","Capacitor_SMD:C_0603_1608Metric","","Unpolarized capacitor","","","1608"
"C1902","1","15n","15nF(1608)","","","","Capacitor_SMD:C_0603_1608Metric","","Unpolarized capacitor","","","1608"
"C1903","1","15n","15nF(1608)","","","","Capacitor_SMD:C_0603_1608Metric","","Unpolarized capacitor","","","1608"
"C1904","1","15n","15nF(1608)","","","","Capacitor_SMD:C_0603_1608Metric","","Unpolarized capacitor","","","1608"
"C1905","1","15n","15nF(1608)","","","","Capacitor_SMD:C_0603_1608Metric","","Unpolarized capacitor","","","1608"
"C2001","1","100n","100nF(1608)","","","","Capacitor_SMD:C_0603_1608Metric","","Unpolarized capacitor","","","1608"
"C2002","1","5.6n","5.6nF(1608)","","","","Capacitor_SMD:C_0603_1608Metric","","Unpolarized capacitor","","","1608"
"C2003","1","5.6n","5.6nF(1608)","","","","Capacitor_SMD:C_0603_1608Metric","","Unpolarized capacitor","","","1608"
"C2004","1","5.6n","5.6nF(1608)","","","","Capacitor_SMD:C_0603_1608Metric","","Unpolarized capacitor","","","1608"
"C2005","1","5.6n","5.6nF(1608)","","","","Capacitor_SMD:C_0603_1608Metric","","Unpolarized capacitor","","","1608"
"C2101","1","100n","100nF(1608)","","","","Capacitor_SMD:C_0603_1608Metric","","Unpolarized capacitor","","","1608"
"C2102","1","2.2n","2.2nF(1608)","","","","Capacitor_SMD:C_0603_1608Metric","","Unpolarized capacitor","","","1608"
"C2103","1","2.2n","2.2nF(1608)","","","","Capacitor_SMD:C_0603_1608Metric","","Unpolarized capacitor","","","1608"
"C2104","1","2.2n","2.2nF(1608)","","","","Capacitor_SMD:C_0603_1608Metric","","Unpolarized capacitor","","","1608"
"C2105","1","2.2n","2.2nF(1608)","","","","Capacitor_SMD:C_0603_1608Metric","","Unpolarized capacitor","","","1608"
"C2201","1","100n","100nF(1608)","","","","Capacitor_SMD:C_0603_1608Metric","","Unpolarized capacitor","","","1608"
"C2202","1","1n","1nF(1608)","","","","Capacitor_SMD:C_0603_1608Metric","","Unpolarized capacitor","","","1608"
"C2203","1","1n","1nF(1608)","","","","Capacitor_SMD:C_0603_1608Metric","","Unpolarized capacitor","","","1608"
"C2204","1","1n","1nF(1608)","","","","Capacitor_SMD:C_0603_1608Metric","","Unpolarized capacitor","","","1608"
"C2205","1","1n","1nF(1608)","","","","Capacitor_SMD:C_0603_1608Metric","","Unpolarized capacitor","","","1608"
"C2206","1","1n","1nF(1608)","","","","Capacitor_SMD:C_0603_1608Metric","","Unpolarized capacitor","","","1608"
"C2207","1","1n","1nF(1608)","","","","Capacitor_SMD:C_0603_1608Metric","","Unpolarized capacitor","","","1608"
"C2208","1","1n","1nF(1608)","","","","Capacitor_SMD:C_0603_1608Metric","","Unpolarized capacitor","","","1608"
"C2209","1","1n","1nF(1608)","","","","Capacitor_SMD:C_0603_1608Metric","","Unpolarized capacitor","","","1608"
"C2210","1","100n","100nF(1608)","","","","Capacitor_SMD:C_0603_1608Metric","","Unpolarized capacitor","","","1608"
"C2211","1","100n","100nF(1608)","","","","Capacitor_SMD:C_0603_1608Metric","","Unpolarized capacitor","","","1608"
"C2212","1","100n","100nF(1608)","","","","Capacitor_SMD:C_0603_1608Metric","","Unpolarized capacitor","","","1608"
"C2213","1","100n","100nF(1608)","","","","Capacitor_SMD:C_0603_1608Metric","","Unpolarized capacitor","","","1608"
"C2214","1","100n","100nF(1608)","","","","Capacitor_SMD:C_0603_1608Metric","","Unpolarized capacitor","","","1608"
"C2215","1","100n","100nF(1608)","","","","Capacitor_SMD:C_0603_1608Metric","","Unpolarized capacitor","","","1608"
"C2216","1","100n","100nF(1608)","","","","Capacitor_SMD:C_0603_1608Metric","","Unpolarized capacitor","","","1608"
"C2217","1","100n","100nF(1608)","","","","Capacitor_SMD:C_0603_1608Metric","","Unpolarized capacitor","","","1608"
"C2218","1","1n","1nF(1608)","","","","Capacitor_SMD:C_0603_1608Metric","","Unpolarized capacitor","","","1608"
"C2219","1","1n","1nF(1608)","","","","Capacitor_SMD:C_0603_1608Metric","","Unpolarized capacitor","","","1608"
"C2220","1","1n","1nF(1608)","","","","Capacitor_SMD:C_0603_1608Metric","","Unpolarized capacitor","","","1608"
"C2221","1","1n","1nF(1608)","","","","Capacitor_SMD:C_0603_1608Metric","","Unpolarized capacitor","","","1608"
"C2222","1","1n","1nF(1608)","","","","Capacitor_SMD:C_0603_1608Metric","","Unpolarized capacitor","","","1608"
"C2223","1","1n","1nF(1608)","","","","Capacitor_SMD:C_0603_1608Metric","","Unpolarized capacitor","","","1608"
"C2224","1","1n","1nF(1608)","","","","Capacitor_SMD:C_0603_1608Metric","","Unpolarized capacitor","","","1608"
"C2225","1","1n","1nF(1608)","","","","Capacitor_SMD:C_0603_1608Metric","","Unpolarized capacitor","","","1608"
"C2226","1","100n","100nF(1608)","","","","Capacitor_SMD:C_0603_1608Metric","","Unpolarized capacitor","","","1608"
"C2227","1","100n","100nF(1608)","","","","Capacitor_SMD:C_0603_1608Metric","","Unpolarized capacitor","","","1608"
"C2228","1","100n","100nF(1608)","","","","Capacitor_SMD:C_0603_1608Metric","","Unpolarized capacitor","","","1608"
"C2229","1","100n","100nF(1608)","","","","Capacitor_SMD:C_0603_1608Metric","","Unpolarized capacitor","","","1608"
"C2230","1","100n","100nF(1608)","","","","Capacitor_SMD:C_0603_1608Metric","","Unpolarized capacitor","","","1608"
"C2231","1","100n","100nF(1608)","","","","Capacitor_SMD:C_0603_1608Metric","","Unpolarized capacitor","","","1608"
"C2232","1","100n","100nF(1608)","","","","Capacitor_SMD:C_0603_1608Metric","","Unpolarized capacitor","","","1608"
"C2233","1","100n","100nF(1608)","","","","Capacitor_SMD:C_0603_1608Metric","","Unpolarized capacitor","","","1608"
"C2301","1","100n","100nF(1608)","","","","Capacitor_SMD:C_0603_1608Metric","","Unpolarized capacitor","","","1608"
"Cc2301","1","100n","100nF(1608)","","","","Capacitor_SMD:C_0603_1608Metric","","Unpolarized capacitor","","","1608"
"D1801","1","BAT54W","BAT54W(SOT-323)","","","","KWS_Custom:SOT-323_SC-70_CompactSilk","https://assets.nexperia.com/documents/data-sheet/BAT54W_SER.pdf","Schottky barrier diode, SOT-323","","","SOT-323"
"D1802","1","BAT54W","BAT54W(SOT-323)","","","","KWS_Custom:SOT-323_SC-70_CompactSilk","https://assets.nexperia.com/documents/data-sheet/BAT54W_SER.pdf","Schottky barrier diode, SOT-323","","","SOT-323"
"D1803","1","BAT54W","BAT54W(SOT-323)","","","","KWS_Custom:SOT-323_SC-70_CompactSilk","https://assets.nexperia.com/documents/data-sheet/BAT54W_SER.pdf","Schottky barrier diode, SOT-323","","","SOT-323"
"D1804","1","BAT54W","BAT54W(SOT-323)","","","","KWS_Custom:SOT-323_SC-70_CompactSilk","https://assets.nexperia.com/documents/data-sheet/BAT54W_SER.pdf","Schottky barrier diode, SOT-323","","","SOT-323"
"D1805","1","BAT54W","BAT54W(SOT-323)","","","","KWS_Custom:SOT-323_SC-70_CompactSilk","https://assets.nexperia.com/documents/data-sheet/BAT54W_SER.pdf","Schottky barrier diode, SOT-323","","","SOT-323"
"D1806","1","BAT54W","BAT54W(SOT-323)","","","","KWS_Custom:SOT-323_SC-70_CompactSilk","https://assets.nexperia.com/documents/data-sheet/BAT54W_SER.pdf","Schottky barrier diode, SOT-323","","","SOT-323"
"D1807","1","BAT54W","BAT54W(SOT-323)","","","","KWS_Custom:SOT-323_SC-70_CompactSilk","https://assets.nexperia.com/documents/data-sheet/BAT54W_SER.pdf","Schottky barrier diode, SOT-323","","","SOT-323"
"D1808","1","BAT54W","BAT54W(SOT-323)","","","","KWS_Custom:SOT-323_SC-70_CompactSilk","https://assets.nexperia.com/documents/data-sheet/BAT54W_SER.pdf","Schottky barrier diode, SOT-323","","","SOT-323"
"D1901","1","BAT54W","BAT54W(SOT-323)","","","","KWS_Custom:SOT-323_SC-70_CompactSilk","https://assets.nexperia.com/documents/data-sheet/BAT54W_SER.pdf","Schottky barrier diode, SOT-323","","","SOT-323"
"D1902","1","BAT54W","BAT54W(SOT-323)","","","","KWS_Custom:SOT-323_SC-70_CompactSilk","https://assets.nexperia.com/documents/data-sheet/BAT54W_SER.pdf","Schottky barrier diode, SOT-323","","","SOT-323"
"D1903","1","BAT54W","BAT54W(SOT-323)","","","","KWS_Custom:SOT-323_SC-70_CompactSilk","https://assets.nexperia.com/documents/data-sheet/BAT54W_SER.pdf","Schottky barrier diode, SOT-323","","","SOT-323"
"D1904","1","BAT54W","BAT54W(SOT-323)","","","","KWS_Custom:SOT-323_SC-70_CompactSilk","https://assets.nexperia.com/documents/data-sheet/BAT54W_SER.pdf","Schottky barrier diode, SOT-323","","","SOT-323"
"D1905","1","BAT54W","BAT54W(SOT-323)","","","","KWS_Custom:SOT-323_SC-70_CompactSilk","https://assets.nexperia.com/documents/data-sheet/BAT54W_SER.pdf","Schottky barrier diode, SOT-323","","","SOT-323"
"D1906","1","BAT54W","BAT54W(SOT-323)","","","","KWS_Custom:SOT-323_SC-70_CompactSilk","https://assets.nexperia.com/documents/data-sheet/BAT54W_SER.pdf","Schottky barrier diode, SOT-323","","","SOT-323"
"D1907","1","BAT54W","BAT54W(SOT-323)","","","","KWS_Custom:SOT-323_SC-70_CompactSilk","https://assets.nexperia.com/documents/data-sheet/BAT54W_SER.pdf","Schottky barrier diode, SOT-323","","","SOT-323"
"D1908","1","BAT54W","BAT54W(SOT-323)","","","","KWS_Custom:SOT-323_SC-70_CompactSilk","https://assets.nexperia.com/documents/data-sheet/BAT54W_SER.pdf","Schottky barrier diode, SOT-323","","","SOT-323"
"D2001","1","BAT54W","BAT54W(SOT-323)","","","","KWS_Custom:SOT-323_SC-70_CompactSilk","https://assets.nexperia.com/documents/data-sheet/BAT54W_SER.pdf","Schottky barrier diode, SOT-323","","","SOT-323"
"D2002","1","BAT54W","BAT54W(SOT-323)","","","","KWS_Custom:SOT-323_SC-70_CompactSilk","https://assets.nexperia.com/documents/data-sheet/BAT54W_SER.pdf","Schottky barrier diode, SOT-323","","","SOT-323"
"D2003","1","BAT54W","BAT54W(SOT-323)","","","","KWS_Custom:SOT-323_SC-70_CompactSilk","https://assets.nexperia.com/documents/data-sheet/BAT54W_SER.pdf","Schottky barrier diode, SOT-323","","","SOT-323"
"D2004","1","BAT54W","BAT54W(SOT-323)","","","","KWS_Custom:SOT-323_SC-70_CompactSilk","https://assets.nexperia.com/documents/data-sheet/BAT54W_SER.pdf","Schottky barrier diode, SOT-323","","","SOT-323"
"D2005","1","BAT54W","BAT54W(SOT-323)","","","","KWS_Custom:SOT-323_SC-70_CompactSilk","https://assets.nexperia.com/documents/data-sheet/BAT54W_SER.pdf","Schottky barrier diode, SOT-323","","","SOT-323"
"D2006","1","BAT54W","BAT54W(SOT-323)","","","","KWS_Custom:SOT-323_SC-70_CompactSilk","https://assets.nexperia.com/documents/data-sheet/BAT54W_SER.pdf","Schottky barrier diode, SOT-323","","","SOT-323"
"D2007","1","BAT54W","BAT54W(SOT-323)","","","","KWS_Custom:SOT-323_SC-70_CompactSilk","https://assets.nexperia.com/documents/data-sheet/BAT54W_SER.pdf","Schottky barrier diode, SOT-323","","","SOT-323"
"D2008","1","BAT54W","BAT54W(SOT-323)","","","","KWS_Custom:SOT-323_SC-70_CompactSilk","https://assets.nexperia.com/documents/data-sheet/BAT54W_SER.pdf","Schottky barrier diode, SOT-323","","","SOT-323"
"D2101","1","BAT54W","BAT54W(SOT-323)","","","","KWS_Custom:SOT-323_SC-70_CompactSilk","https://assets.nexperia.com/documents/data-sheet/BAT54W_SER.pdf","Schottky barrier diode, SOT-323","","","SOT-323"
"D2102","1","BAT54W","BAT54W(SOT-323)","","","","KWS_Custom:SOT-323_SC-70_CompactSilk","https://assets.nexperia.com/documents/data-sheet/BAT54W_SER.pdf","Schottky barrier diode, SOT-323","","","SOT-323"
"D2103","1","BAT54W","BAT54W(SOT-323)","","","","KWS_Custom:SOT-323_SC-70_CompactSilk","https://assets.nexperia.com/documents/data-sheet/BAT54W_SER.pdf","Schottky barrier diode, SOT-323","","","SOT-323"
"D2104","1","BAT54W","BAT54W(SOT-323)","","","","KWS_Custom:SOT-323_SC-70_CompactSilk","https://assets.nexperia.com/documents/data-sheet/BAT54W_SER.pdf","Schottky barrier diode, SOT-323","","","SOT-323"
"D2105","1","BAT54W","BAT54W(SOT-323)","","","","KWS_Custom:SOT-323_SC-70_CompactSilk","https://assets.nexperia.com/documents/data-sheet/BAT54W_SER.pdf","Schottky barrier diode, SOT-323","","","SOT-323"
"D2106","1","BAT54W","BAT54W(SOT-323)","","","","KWS_Custom:SOT-323_SC-70_CompactSilk","https://assets.nexperia.com/documents/data-sheet/BAT54W_SER.pdf","Schottky barrier diode, SOT-323","","","SOT-323"
"D2107","1","BAT54W","BAT54W(SOT-323)","","","","KWS_Custom:SOT-323_SC-70_CompactSilk","https://assets.nexperia.com/documents/data-sheet/BAT54W_SER.pdf","Schottky barrier diode, SOT-323","","","SOT-323"
"D2108","1","BAT54W","BAT54W(SOT-323)","","","","KWS_Custom:SOT-323_SC-70_CompactSilk","https://assets.nexperia.com/documents/data-sheet/BAT54W_SER.pdf","Schottky barrier diode, SOT-323","","","SOT-323"
"J101","1","Conn_01x02","Conn_01x02(P2.54mm)","","","","Connector_PinHeader_2.54mm:PinHeader_1x02_P2.54mm_Vertical","","Generic connector, single row, 01x02, script generated (kicad-library-utils/schlib/autogen/connector/)","","","THT-1x02-P2.54mm"
"J102","1","Conn_02x25","Conn_02x25(P2.54mm)","","","","Connector_IDC:IDC-Header_2x25_P2.54mm_Vertical","","Generic connector, double row, 02x25, odd/even pin numbering scheme (row 1 odd numbers, row 2 even numbers), script generated (kicad-library-utils/schlib/autogen/connector/)","","","THT-2x25-P2.54mm"
"J2201","1","Conn_02x07","Conn_02x07(P2.54mm)","","","","Connector_PinHeader_2.54mm:PinHeader_2x07_P2.54mm_Vertical","","Generic connector, double row, 02x07, row letter last pin numbering scheme (pin number consists of a letter for the row and a number for the pin index in this row. 1a, ..., Na; 1b, ..., Nb)), script generated (kicad-library-utils/schlib/autogen/connector/)","","","THT-2x07-P2.54mm"
"J2202","1","Conn_02x04","Conn_02x04(P2.54mm)","","","","Connector_PinHeader_2.54mm:PinHeader_2x04_P2.54mm_Vertical","","Generic connector, double row, 02x04, row letter first pin numbering scheme (pin number consists of a letter for the row and a number for the pin index in this row. a1, ..., aN; b1, ..., bN), script generated (kicad-library-utils/schlib/autogen/connector/)","","","THT-2x04-P2.54mm"
"J2203","1","Conn_02x04","Conn_02x04(P2.54mm)","","","","Connector_PinHeader_2.54mm:PinHeader_2x04_P2.54mm_Vertical","","Generic connector, double row, 02x04, row letter first pin numbering scheme (pin number consists of a letter for the row and a number for the pin index in this row. a1, ..., aN; b1, ..., bN), script generated (kicad-library-utils/schlib/autogen/connector/)","","","THT-2x04-P2.54mm"
"J2204","1","Conn_02x04","Conn_02x04(P2.54mm)","","","","Connector_PinHeader_2.54mm:PinHeader_2x04_P2.54mm_Vertical","","Generic connector, double row, 02x04, row letter first pin numbering scheme (pin number consists of a letter for the row and a number for the pin index in this row. a1, ..., aN; b1, ..., bN), script generated (kicad-library-utils/schlib/autogen/connector/)","","","THT-2x04-P2.54mm"
"J2205","1","Conn_02x04","Conn_02x04(P2.54mm)","","","","Connector_PinHeader_2.54mm:PinHeader_2x04_P2.54mm_Vertical","","Generic connector, double row, 02x04, row letter first pin numbering scheme (pin number consists of a letter for the row and a number for the pin index in this row. a1, ..., aN; b1, ..., bN), script generated (kicad-library-utils/schlib/autogen/connector/)","","","THT-2x04-P2.54mm"
"JP101","1","Jumper","Jumper(1x03-P2.54mm)","","","","Connector_PinHeader_2.54mm:PinHeader_1x03_P2.54mm_Vertical_SMD_Pin1Left","","Jumper, 3-pole, pins 1+2 closed/bridged","","","THT-1x03-P2.54mm"
"MK101","1","MM20","MM20(SMD-3.35x2.50mm-Bottom-Port)","","","","MM20:MM20-33366-000","datasheet/mm20-33366-000.pdf","Knowles MM20-33366-000 analog bottom-port MEMS microphone; pin 1 OUT, pin 2 GND/NEGATIVE, pin 3 VDD/POSITIVE","Knowles","MM20-33366-000","SMD-3.35x2.50mm-Bottom-Port"
"R101","1","99k","99k(1608)","","","","Resistor_SMD:R_0603_1608Metric","","Resistor","","","1608"
"R102","1","100k","100k(1608)","","","","Resistor_SMD:R_0603_1608Metric","","Resistor","","","1608"
"R103","1","15","15(1608)","","","","Resistor_SMD:R_0603_1608Metric","","Resistor","","","1608"
"R104","1","33","33(1005)","","","","KWS_Custom:R_0402_1005Metric_CompactSilk","","Resistor","","","1005"
"R105","1","33","33(1005)","","","","KWS_Custom:R_0402_1005Metric_CompactSilk","","Resistor","","","1005"
"R106","1","33","33(1005)","","","","KWS_Custom:R_0402_1005Metric_CompactSilk","","Resistor","","","1005"
"R107","1","33","33(1005)","","","","KWS_Custom:R_0402_1005Metric_CompactSilk","","Resistor","","","1005"
"R108","1","33","33(1005)","","","","KWS_Custom:R_0402_1005Metric_CompactSilk","","Resistor","","","1005"
"R109","1","33","33(1005)","","","","KWS_Custom:R_0402_1005Metric_CompactSilk","","Resistor","","","1005"
"R110","1","33","33(1005)","","","","KWS_Custom:R_0402_1005Metric_CompactSilk","","Resistor","","","1005"
"R111","1","33","33(1005)","","","","KWS_Custom:R_0402_1005Metric_CompactSilk","","Resistor","","","1005"
"R112","1","33","33(1005)","","","","KWS_Custom:R_0402_1005Metric_CompactSilk","","Resistor","","","1005"
"R113","1","33","33(1005)","","","","KWS_Custom:R_0402_1005Metric_CompactSilk","","Resistor","","","1005"
"R114","1","33","33(1005)","","","","KWS_Custom:R_0402_1005Metric_CompactSilk","","Resistor","","","1005"
"R115","1","33","33(1005)","","","","KWS_Custom:R_0402_1005Metric_CompactSilk","","Resistor","","","1005"
"R116","1","33","33(1005)","","","","KWS_Custom:R_0402_1005Metric_CompactSilk","","Resistor","","","1005"
"R117","1","33","33(1005)","","","","KWS_Custom:R_0402_1005Metric_CompactSilk","","Resistor","","","1005"
"R118","1","33","33(1005)","","","","KWS_Custom:R_0402_1005Metric_CompactSilk","","Resistor","","","1005"
"R119","1","33","33(1005)","","","","KWS_Custom:R_0402_1005Metric_CompactSilk","","Resistor","","","1005"
"R201","1","576k","576k(1608)","","","","Resistor_SMD:R_0603_1608Metric","","Resistor","","","1608"
"R202","1","100k","100k(1608)","","","","Resistor_SMD:R_0603_1608Metric","","Resistor","","","1608"
"R203","1","100k","100k(1608)","","","","Resistor_SMD:R_0603_1608Metric","","Resistor","","","1608"
"R301","1","442k","442k(1608)","","","","Resistor_SMD:R_0603_1608Metric","","Resistor","","","1608"
"R302","1","100k","100k(1608)","","","","Resistor_SMD:R_0603_1608Metric","","Resistor","","","1608"
"R303","1","100k","100k(1608)","","","","Resistor_SMD:R_0603_1608Metric","","Resistor","","","1608"
"R401","1","511k","511k(1608)","","","","Resistor_SMD:R_0603_1608Metric","","Resistor","","","1608"
"R402","1","100k","100k(1608)","","","","Resistor_SMD:R_0603_1608Metric","","Resistor","","","1608"
"R403","1","100k","100k(1608)","","","","Resistor_SMD:R_0603_1608Metric","","Resistor","","","1608"
"R501","1","576k","576k(1608)","","","","Resistor_SMD:R_0603_1608Metric","","Resistor","","","1608"
"R502","1","100k","100k(1608)","","","","Resistor_SMD:R_0603_1608Metric","","Resistor","","","1608"
"R503","1","100k","100k(1608)","","","","Resistor_SMD:R_0603_1608Metric","","Resistor","","","1608"
"R601","1","453k","453k(1608)","","","","Resistor_SMD:R_0603_1608Metric","","Resistor","","","1608"
"R602","1","100k","100k(1608)","","","","Resistor_SMD:R_0603_1608Metric","","Resistor","","","1608"
"R603","1","100k","100k(1608)","","","","Resistor_SMD:R_0603_1608Metric","","Resistor","","","1608"
"R701","1","499k","499k(1608)","","","","Resistor_SMD:R_0603_1608Metric","","Resistor","","","1608"
"R702","1","100k","100k(1608)","","","","Resistor_SMD:R_0603_1608Metric","","Resistor","","","1608"
"R703","1","100k","100k(1608)","","","","Resistor_SMD:R_0603_1608Metric","","Resistor","","","1608"
"R801","1","590k","590k(1608)","","","","Resistor_SMD:R_0603_1608Metric","","Resistor","","","1608"
"R802","1","100k","100k(1608)","","","","Resistor_SMD:R_0603_1608Metric","","Resistor","","","1608"
"R803","1","100k","100k(1608)","","","","Resistor_SMD:R_0603_1608Metric","","Resistor","","","1608"
"R901","1","453k","453k(1608)","","","","Resistor_SMD:R_0603_1608Metric","","Resistor","","","1608"
"R902","1","100k","100k(1608)","","","","Resistor_SMD:R_0603_1608Metric","","Resistor","","","1608"
"R903","1","100k","100k(1608)","","","","Resistor_SMD:R_0603_1608Metric","","Resistor","","","1608"
"R1001","1","523k","523k(1608)","","","","Resistor_SMD:R_0603_1608Metric","","Resistor","","","1608"
"R1002","1","100k","100k(1608)","","","","Resistor_SMD:R_0603_1608Metric","","Resistor","","","1608"
"R1003","1","100k","100k(1608)","","","","Resistor_SMD:R_0603_1608Metric","","Resistor","","","1608"
"R1101","1","402k","402k(1608)","","","","Resistor_SMD:R_0603_1608Metric","","Resistor","","","1608"
"R1102","1","100k","100k(1608)","","","","Resistor_SMD:R_0603_1608Metric","","Resistor","","","1608"
"R1103","1","100k","100k(1608)","","","","Resistor_SMD:R_0603_1608Metric","","Resistor","","","1608"
"R1201","1","464k","464k(1608)","","","","Resistor_SMD:R_0603_1608Metric","","Resistor","","","1608"
"R1202","1","100k","100k(1608)","","","","Resistor_SMD:R_0603_1608Metric","","Resistor","","","1608"
"R1203","1","100k","100k(1608)","","","","Resistor_SMD:R_0603_1608Metric","","Resistor","","","1608"
"R1301","1","536k","536k(1608)","","","","Resistor_SMD:R_0603_1608Metric","","Resistor","","","1608"
"R1302","1","100k","100k(1608)","","","","Resistor_SMD:R_0603_1608Metric","","Resistor","","","1608"
"R1303","1","100k","100k(1608)","","","","Resistor_SMD:R_0603_1608Metric","","Resistor","","","1608"
"R1401","1","412k","412k(1608)","","","","Resistor_SMD:R_0603_1608Metric","","Resistor","","","1608"
"R1402","1","100k","100k(1608)","","","","Resistor_SMD:R_0603_1608Metric","","Resistor","","","1608"
"R1403","1","100k","100k(1608)","","","","Resistor_SMD:R_0603_1608Metric","","Resistor","","","1608"
"R1501","1","453k","453k(1608)","","","","Resistor_SMD:R_0603_1608Metric","","Resistor","","","1608"
"R1502","1","100k","100k(1608)","","","","Resistor_SMD:R_0603_1608Metric","","Resistor","","","1608"
"R1503","1","100k","100k(1608)","","","","Resistor_SMD:R_0603_1608Metric","","Resistor","","","1608"
"R1601","1","487k","487k(1608)","","","","Resistor_SMD:R_0603_1608Metric","","Resistor","","","1608"
"R1602","1","100k","100k(1608)","","","","Resistor_SMD:R_0603_1608Metric","","Resistor","","","1608"
"R1603","1","100k","100k(1608)","","","","Resistor_SMD:R_0603_1608Metric","","Resistor","","","1608"
"R1701","1","562k","562k(1608)","","","","Resistor_SMD:R_0603_1608Metric","","Resistor","","","1608"
"R1702","1","100k","100k(1608)","","","","Resistor_SMD:R_0603_1608Metric","","Resistor","","","1608"
"R1703","1","100k","100k(1608)","","","","Resistor_SMD:R_0603_1608Metric","","Resistor","","","1608"
"R1801","1","45.45k","45.45k(1608)","","","","Resistor_SMD:R_0603_1608Metric","","Resistor","","","1608"
"R1802","1","45.45k","45.45k(1608)","","","","Resistor_SMD:R_0603_1608Metric","","Resistor","","","1608"
"R1803","1","45.45k","45.45k(1608)","","","","Resistor_SMD:R_0603_1608Metric","","Resistor","","","1608"
"R1804","1","45.45k","45.45k(1608)","","","","Resistor_SMD:R_0603_1608Metric","","Resistor","","","1608"
"R1805","1","50k","50k(1608)","","","","Resistor_SMD:R_0603_1608Metric","","Resistor","","","1608"
"R1806","1","50k","50k(1608)","","","","Resistor_SMD:R_0603_1608Metric","","Resistor","","","1608"
"R1807","1","50k","50k(1608)","","","","Resistor_SMD:R_0603_1608Metric","","Resistor","","","1608"
"R1808","1","50k","50k(1608)","","","","Resistor_SMD:R_0603_1608Metric","","Resistor","","","1608"
"R1809","1","500k","500k(1608)","","","","Resistor_SMD:R_0603_1608Metric","","Resistor","","","1608"
"R1810","1","500k","500k(1608)","","","","Resistor_SMD:R_0603_1608Metric","","Resistor","","","1608"
"R1811","1","500k","500k(1608)","","","","Resistor_SMD:R_0603_1608Metric","","Resistor","","","1608"
"R1812","1","500k","500k(1608)","","","","Resistor_SMD:R_0603_1608Metric","","Resistor","","","1608"
"R1901","1","45.45k","45.45k(1608)","","","","Resistor_SMD:R_0603_1608Metric","","Resistor","","","1608"
"R1902","1","45.45k","45.45k(1608)","","","","Resistor_SMD:R_0603_1608Metric","","Resistor","","","1608"
"R1903","1","45.45k","45.45k(1608)","","","","Resistor_SMD:R_0603_1608Metric","","Resistor","","","1608"
"R1904","1","45.45k","45.45k(1608)","","","","Resistor_SMD:R_0603_1608Metric","","Resistor","","","1608"
"R1905","1","50k","50k(1608)","","","","Resistor_SMD:R_0603_1608Metric","","Resistor","","","1608"
"R1906","1","50k","50k(1608)","","","","Resistor_SMD:R_0603_1608Metric","","Resistor","","","1608"
"R1907","1","50k","50k(1608)","","","","Resistor_SMD:R_0603_1608Metric","","Resistor","","","1608"
"R1908","1","50k","50k(1608)","","","","Resistor_SMD:R_0603_1608Metric","","Resistor","","","1608"
"R1909","1","500k","500k(1608)","","","","Resistor_SMD:R_0603_1608Metric","","Resistor","","","1608"
"R1910","1","500k","500k(1608)","","","","Resistor_SMD:R_0603_1608Metric","","Resistor","","","1608"
"R1911","1","500k","500k(1608)","","","","Resistor_SMD:R_0603_1608Metric","","Resistor","","","1608"
"R1912","1","500k","500k(1608)","","","","Resistor_SMD:R_0603_1608Metric","","Resistor","","","1608"
"R2001","1","45.45k","45.45k(1608)","","","","Resistor_SMD:R_0603_1608Metric","","Resistor","","","1608"
"R2002","1","45.45k","45.45k(1608)","","","","Resistor_SMD:R_0603_1608Metric","","Resistor","","","1608"
"R2003","1","45.45k","45.45k(1608)","","","","Resistor_SMD:R_0603_1608Metric","","Resistor","","","1608"
"R2004","1","45.45k","45.45k(1608)","","","","Resistor_SMD:R_0603_1608Metric","","Resistor","","","1608"
"R2005","1","50k","50k(1608)","","","","Resistor_SMD:R_0603_1608Metric","","Resistor","","","1608"
"R2006","1","50k","50k(1608)","","","","Resistor_SMD:R_0603_1608Metric","","Resistor","","","1608"
"R2007","1","50k","50k(1608)","","","","Resistor_SMD:R_0603_1608Metric","","Resistor","","","1608"
"R2008","1","50k","50k(1608)","","","","Resistor_SMD:R_0603_1608Metric","","Resistor","","","1608"
"R2009","1","500k","500k(1608)","","","","Resistor_SMD:R_0603_1608Metric","","Resistor","","","1608"
"R2010","1","500k","500k(1608)","","","","Resistor_SMD:R_0603_1608Metric","","Resistor","","","1608"
"R2011","1","500k","500k(1608)","","","","Resistor_SMD:R_0603_1608Metric","","Resistor","","","1608"
"R2012","1","500k","500k(1608)","","","","Resistor_SMD:R_0603_1608Metric","","Resistor","","","1608"
"R2101","1","45.45k","45.45k(1608)","","","","Resistor_SMD:R_0603_1608Metric","","Resistor","","","1608"
"R2102","1","45.45k","45.45k(1608)","","","","Resistor_SMD:R_0603_1608Metric","","Resistor","","","1608"
"R2103","1","45.45k","45.45k(1608)","","","","Resistor_SMD:R_0603_1608Metric","","Resistor","","","1608"
"R2104","1","45.45k","45.45k(1608)","","","","Resistor_SMD:R_0603_1608Metric","","Resistor","","","1608"
"R2105","1","50k","50k(1608)","","","","Resistor_SMD:R_0603_1608Metric","","Resistor","","","1608"
"R2106","1","50k","50k(1608)","","","","Resistor_SMD:R_0603_1608Metric","","Resistor","","","1608"
"R2107","1","50k","50k(1608)","","","","Resistor_SMD:R_0603_1608Metric","","Resistor","","","1608"
"R2108","1","50k","50k(1608)","","","","Resistor_SMD:R_0603_1608Metric","","Resistor","","","1608"
"R2109","1","500k","500k(1608)","","","","Resistor_SMD:R_0603_1608Metric","","Resistor","","","1608"
"R2110","1","500k","500k(1608)","","","","Resistor_SMD:R_0603_1608Metric","","Resistor","","","1608"
"R2111","1","500k","500k(1608)","","","","Resistor_SMD:R_0603_1608Metric","","Resistor","","","1608"
"R2112","1","500k","500k(1608)","","","","Resistor_SMD:R_0603_1608Metric","","Resistor","","","1608"
"R2201","1","400k","400k(1608)","","","","Resistor_SMD:R_0603_1608Metric","","Resistor","","","1608"
"R2202","1","5k","5k(1608)","","","","Resistor_SMD:R_0603_1608Metric","","Resistor","","","1608"
"R2203","1","5k","5k(1608)","","","","Resistor_SMD:R_0603_1608Metric","","Resistor","","","1608"
"R2204","1","5k","5k(1608)","","","","Resistor_SMD:R_0603_1608Metric","","Resistor","","","1608"
"R2205","1","5k","5k(1608)","","","","Resistor_SMD:R_0603_1608Metric","","Resistor","","","1608"
"R2206","1","5k","5k(1608)","","","","Resistor_SMD:R_0603_1608Metric","","Resistor","","","1608"
"R2207","1","5k","5k(1608)","","","","Resistor_SMD:R_0603_1608Metric","","Resistor","","","1608"
"R2208","1","465k","465k(1608)","","","","Resistor_SMD:R_0603_1608Metric","","Resistor","","","1608"
"R2209","1","4.7k","4.7k(1608)","","","","Resistor_SMD:R_0603_1608Metric","","Resistor","","","1608"
"R2210","1","4.7k","4.7k(1608)","","","","Resistor_SMD:R_0603_1608Metric","","Resistor","","","1608"
"R2211","1","4.7k","4.7k(1608)","","","","Resistor_SMD:R_0603_1608Metric","","Resistor","","","1608"
"R2212","1","4.7k","4.7k(1608)","","","","Resistor_SMD:R_0603_1608Metric","","Resistor","","","1608"
"R2213","1","4.7k","4.7k(1608)","","","","Resistor_SMD:R_0603_1608Metric","","Resistor","","","1608"
"R2214","1","4.7k","4.7k(1608)","","","","Resistor_SMD:R_0603_1608Metric","","Resistor","","","1608"
"R2215","1","4.7k","4.7k(1608)","","","","Resistor_SMD:R_0603_1608Metric","","Resistor","","","1608"
"R2216","1","4.7k","4.7k(1608)","","","","Resistor_SMD:R_0603_1608Metric","","Resistor","","","1608"
"R2217","1","33","33(1608)","","","","Resistor_SMD:R_0603_1608Metric","","Resistor","","","1608"
"R2218","1","33","33(1608)","","","","Resistor_SMD:R_0603_1608Metric","","Resistor","","","1608"
"R2219","1","33","33(1608)","","","","Resistor_SMD:R_0603_1608Metric","","Resistor","","","1608"
"R2220","1","33","33(1608)","","","","Resistor_SMD:R_0603_1608Metric","","Resistor","","","1608"
"R2221","1","33","33(1608)","","","","Resistor_SMD:R_0603_1608Metric","","Resistor","","","1608"
"R2222","1","33","33(1608)","","","","Resistor_SMD:R_0603_1608Metric","","Resistor","","","1608"
"R2223","1","33","33(1608)","","","","Resistor_SMD:R_0603_1608Metric","","Resistor","","","1608"
"R2224","1","33","33(1608)","","","","Resistor_SMD:R_0603_1608Metric","","Resistor","","","1608"
"R2225","1","4.7k","4.7k(1608)","","","","Resistor_SMD:R_0603_1608Metric","","Resistor","","","1608"
"R2226","1","4.7k","4.7k(1608)","","","","Resistor_SMD:R_0603_1608Metric","","Resistor","","","1608"
"R2227","1","4.7k","4.7k(1608)","","","","Resistor_SMD:R_0603_1608Metric","","Resistor","","","1608"
"R2228","1","4.7k","4.7k(1608)","","","","Resistor_SMD:R_0603_1608Metric","","Resistor","","","1608"
"R2229","1","4.7k","4.7k(1608)","","","","Resistor_SMD:R_0603_1608Metric","","Resistor","","","1608"
"R2230","1","4.7k","4.7k(1608)","","","","Resistor_SMD:R_0603_1608Metric","","Resistor","","","1608"
"R2231","1","4.7k","4.7k(1608)","","","","Resistor_SMD:R_0603_1608Metric","","Resistor","","","1608"
"R2232","1","4.7k","4.7k(1608)","","","","Resistor_SMD:R_0603_1608Metric","","Resistor","","","1608"
"R2233","1","33","33(1608)","","","","Resistor_SMD:R_0603_1608Metric","","Resistor","","","1608"
"R2234","1","33","33(1608)","","","","Resistor_SMD:R_0603_1608Metric","","Resistor","","","1608"
"R2235","1","33","33(1608)","","","","Resistor_SMD:R_0603_1608Metric","","Resistor","","","1608"
"R2236","1","33","33(1608)","","","","Resistor_SMD:R_0603_1608Metric","","Resistor","","","1608"
"R2237","1","33","33(1608)","","","","Resistor_SMD:R_0603_1608Metric","","Resistor","","","1608"
"R2238","1","33","33(1608)","","","","Resistor_SMD:R_0603_1608Metric","","Resistor","","","1608"
"R2239","1","33","33(1608)","","","","Resistor_SMD:R_0603_1608Metric","","Resistor","","","1608"
"R2240","1","33","33(1608)","","","","Resistor_SMD:R_0603_1608Metric","","Resistor","","","1608"
"R2301","1","470k","470k(1608)","","","","Resistor_SMD:R_0603_1608Metric","","Resistor","","","1608"
"R2302","1","90k","90k(1608)","","","","Resistor_SMD:R_0603_1608Metric","","Resistor","","","1608"
"R2303","1","10k","10k(1608)","","","","Resistor_SMD:R_0603_1608Metric","","Resistor","","","1608"
"RA201","1","127k","127k(1608)","","","","Resistor_SMD:R_0603_1608Metric","","Resistor","","","1608"
"RA202","1","127k","127k(1608)","","","","Resistor_SMD:R_0603_1608Metric","","Resistor","","","1608"
"RA301","1","100k","100k(1608)","","","","Resistor_SMD:R_0603_1608Metric","","Resistor","","","1608"
"RA302","1","100k","100k(1608)","","","","Resistor_SMD:R_0603_1608Metric","","Resistor","","","1608"
"RA401","1","115k","115k(1608)","","","","Resistor_SMD:R_0603_1608Metric","","Resistor","","","1608"
"RA402","1","115k","115k(1608)","","","","Resistor_SMD:R_0603_1608Metric","","Resistor","","","1608"
"RA501","1","130k","130k(1608)","","","","Resistor_SMD:R_0603_1608Metric","","Resistor","","","1608"
"RA502","1","130k","130k(1608)","","","","Resistor_SMD:R_0603_1608Metric","","Resistor","","","1608"
"RA601","1","100k","100k(1608)","","","","Resistor_SMD:R_0603_1608Metric","","Resistor","","","1608"
"RA602","1","100k","100k(1608)","","","","Resistor_SMD:R_0603_1608Metric","","Resistor","","","1608"
"RA701","1","113k","113k(1608)","","","","Resistor_SMD:R_0603_1608Metric","","Resistor","","","1608"
"RA702","1","113k","113k(1608)","","","","Resistor_SMD:R_0603_1608Metric","","Resistor","","","1608"
"RA801","1","130k","130k(1608)","","","","Resistor_SMD:R_0603_1608Metric","","Resistor","","","1608"
"RA802","1","130k","130k(1608)","","","","Resistor_SMD:R_0603_1608Metric","","Resistor","","","1608"
"RA901","1","102k","102k(1608)","","","","Resistor_SMD:R_0603_1608Metric","","Resistor","","","1608"
"RA902","1","102k","102k(1608)","","","","Resistor_SMD:R_0603_1608Metric","","Resistor","","","1608"
"RA1001","1","118k","118k(1608)","","","","Resistor_SMD:R_0603_1608Metric","","Resistor","","","1608"
"RA1002","1","118k","118k(1608)","","","","Resistor_SMD:R_0603_1608Metric","","Resistor","","","1608"
"RA1101","1","90.9k","90.9k(1608)","","","","Resistor_SMD:R_0603_1608Metric","","Resistor","","","1608"
"RA1102","1","90.9k","90.9k(1608)","","","","Resistor_SMD:R_0603_1608Metric","","Resistor","","","1608"
"RA1201","1","105k","105k(1608)","","","","Resistor_SMD:R_0603_1608Metric","","Resistor","","","1608"
"RA1202","1","105k","105k(1608)","","","","Resistor_SMD:R_0603_1608Metric","","Resistor","","","1608"
"RA1301","1","121k","121k(1608)","","","","Resistor_SMD:R_0603_1608Metric","","Resistor","","","1608"
"RA1302","1","121k","121k(1608)","","","","Resistor_SMD:R_0603_1608Metric","","Resistor","","","1608"
"RA1401","1","93.1k","93.1k(1608)","","","","Resistor_SMD:R_0603_1608Metric","","Resistor","","","1608"
"RA1402","1","93.1k","93.1k(1608)","","","","Resistor_SMD:R_0603_1608Metric","","Resistor","","","1608"
"RA1501","1","105k","105k(1608)","","","","Resistor_SMD:R_0603_1608Metric","","Resistor","","","1608"
"RA1502","1","105k","105k(1608)","","","","Resistor_SMD:R_0603_1608Metric","","Resistor","","","1608"
"RA1601","1","115k","115k(1608)","","","","Resistor_SMD:R_0603_1608Metric","","Resistor","","","1608"
"RA1602","1","115k","115k(1608)","","","","Resistor_SMD:R_0603_1608Metric","","Resistor","","","1608"
"RA1701","1","130k","130k(1608)","","","","Resistor_SMD:R_0603_1608Metric","","Resistor","","","1608"
"RA1702","1","130k","130k(1608)","","","","Resistor_SMD:R_0603_1608Metric","","Resistor","","","1608"
"RV2201","1","10k","10k(THT)","","","","Potentiometer_THT:Potentiometer_Bourns_3296W_Vertical","","Trim-potentiometer","","","THT"
"U101","1","OPA379","OPA379(SOT-23-5)","","","","Package_TO_SOT_SMD:SOT-23-5","datasheet/opa379.pdf","","Texas Instruments","","SOT-23-5"
"U102","1","TPS7A2018","TPS7A2018(SOT-23-5)","","","","Package_TO_SOT_SMD:SOT-23-5","datasheet/tps7a20.pdf","300 mA Low Dropout Voltage Regulator, Fixed Output, 1.6..6.0Vin, Low-Noise (7μV RMS), 6.5μA IQ LDO, SOT-23","Texas Instruments","","SOT-23-5"
"U103","1","TPS7A2009","TPS7A2009(SOT-23-5)","","","","Package_TO_SOT_SMD:SOT-23-5","datasheet/tps7a20.pdf","300 mA Low Dropout Voltage Regulator, Fixed Output, 1.6..6.0Vin, Low-Noise (7μV RMS), 6.5μA IQ LDO, SOT-23","Texas Instruments","","SOT-23-5"
"U104","1","SN74LXC8T245","SN74LXC8T245(TSSOP-24)","","","","Package_SO:TSSOP-24_4.4x7.8mm_P0.65mm","${KIPRJMOD}/datasheet/sn74lxc8t245.pdf","8-bit dual-supply bidirectional level translator; Schmitt-trigger inputs; 1.1V to 5.5V; TSSOP-24 (PW)","Texas Instruments","SN74LXC8T245PWR","TSSOP-24"
"U105","1","SN74LXC8T245","SN74LXC8T245(TSSOP-24)","","","","Package_SO:TSSOP-24_4.4x7.8mm_P0.65mm","${KIPRJMOD}/datasheet/sn74lxc8t245.pdf","8-bit dual-supply bidirectional level translator; Schmitt-trigger inputs; 1.1V to 5.5V; TSSOP-24 (PW)","Texas Instruments","SN74LXC8T245PWR","TSSOP-24"
"U201","1","OPA2379","OPA2379(SOT-23-8)","","","","OPA2379AIDCNR:DCN8","datasheet/opa379.pdf","","Texas Instruments","OPA2379AIDCNR","SOT-23-8"
"U301","1","OPA2379","OPA2379(SOT-23-8)","","","","OPA2379AIDCNR:DCN8","datasheet/opa379.pdf","","Texas Instruments","OPA2379AIDCNR","SOT-23-8"
"U401","1","OPA2379","OPA2379(SOT-23-8)","","","","OPA2379AIDCNR:DCN8","datasheet/opa379.pdf","","Texas Instruments","OPA2379AIDCNR","SOT-23-8"
"U501","1","OPA2379","OPA2379(SOT-23-8)","","","","OPA2379AIDCNR:DCN8","datasheet/opa379.pdf","","Texas Instruments","OPA2379AIDCNR","SOT-23-8"
"U601","1","OPA2379","OPA2379(SOT-23-8)","","","","OPA2379AIDCNR:DCN8","datasheet/opa379.pdf","","Texas Instruments","OPA2379AIDCNR","SOT-23-8"
"U701","1","OPA2379","OPA2379(SOT-23-8)","","","","OPA2379AIDCNR:DCN8","datasheet/opa379.pdf","","Texas Instruments","OPA2379AIDCNR","SOT-23-8"
"U801","1","OPA2379","OPA2379(SOT-23-8)","","","","OPA2379AIDCNR:DCN8","datasheet/opa379.pdf","","Texas Instruments","OPA2379AIDCNR","SOT-23-8"
"U901","1","OPA2379","OPA2379(SOT-23-8)","","","","OPA2379AIDCNR:DCN8","datasheet/opa379.pdf","","Texas Instruments","OPA2379AIDCNR","SOT-23-8"
"U1001","1","OPA2379","OPA2379(SOT-23-8)","","","","OPA2379AIDCNR:DCN8","datasheet/opa379.pdf","","Texas Instruments","OPA2379AIDCNR","SOT-23-8"
"U1101","1","OPA2379","OPA2379(SOT-23-8)","","","","OPA2379AIDCNR:DCN8","datasheet/opa379.pdf","","Texas Instruments","OPA2379AIDCNR","SOT-23-8"
"U1201","1","OPA2379","OPA2379(SOT-23-8)","","","","OPA2379AIDCNR:DCN8","datasheet/opa379.pdf","","Texas Instruments","OPA2379AIDCNR","SOT-23-8"
"U1301","1","OPA2379","OPA2379(SOT-23-8)","","","","OPA2379AIDCNR:DCN8","datasheet/opa379.pdf","","Texas Instruments","OPA2379AIDCNR","SOT-23-8"
"U1401","1","OPA2379","OPA2379(SOT-23-8)","","","","OPA2379AIDCNR:DCN8","datasheet/opa379.pdf","","Texas Instruments","OPA2379AIDCNR","SOT-23-8"
"U1501","1","OPA2379","OPA2379(SOT-23-8)","","","","OPA2379AIDCNR:DCN8","datasheet/opa379.pdf","","Texas Instruments","OPA2379AIDCNR","SOT-23-8"
"U1601","1","OPA2379","OPA2379(SOT-23-8)","","","","OPA2379AIDCNR:DCN8","datasheet/opa379.pdf","","Texas Instruments","OPA2379AIDCNR","SOT-23-8"
"U1701","1","OPA2379","OPA2379(SOT-23-8)","","","","OPA2379AIDCNR:DCN8","datasheet/opa379.pdf","","Texas Instruments","OPA2379AIDCNR","SOT-23-8"
"U1801","1","OPA4379","OPA4379(TSSOP-14)","","","","OPA4379AIPWR:SOP65P640X120-14N","datasheet/opa379.pdf","Quad, 5.5-V, 90-kHz, low quiescent current (2.9-μA), RRIO operational amplifier","Texas Instruments","OPA4379AIPWR","TSSOP-14"
"U1901","1","OPA4379","OPA4379(TSSOP-14)","","","","OPA4379AIPWR:SOP65P640X120-14N","datasheet/opa379.pdf","Quad, 5.5-V, 90-kHz, low quiescent current (2.9-μA), RRIO operational amplifier","Texas Instruments","OPA4379AIPWR","TSSOP-14"
"U2001","1","OPA4379","OPA4379(TSSOP-14)","","","","OPA4379AIPWR:SOP65P640X120-14N","datasheet/opa379.pdf","Quad, 5.5-V, 90-kHz, low quiescent current (2.9-μA), RRIO operational amplifier","Texas Instruments","OPA4379AIPWR","TSSOP-14"
"U2101","1","OPA4379","OPA4379(TSSOP-14)","","","","OPA4379AIPWR:SOP65P640X120-14N","datasheet/opa379.pdf","Quad, 5.5-V, 90-kHz, low quiescent current (2.9-μA), RRIO operational amplifier","Texas Instruments","OPA4379AIPWR","TSSOP-14"
"U2201","1","LPV7215","LPV7215(SOT-23-5)","","","","LPV7215MF:SOT95P280X145-5N","datasheet/lpv7215.pdf","Nanopower, CMOS, single comparator","Texas Instruments","LPV7215MF/NOPB","SOT-23-5"
"U2202","1","LPV7215","LPV7215(SOT-23-5)","","","","LPV7215MF:SOT95P280X145-5N","datasheet/lpv7215.pdf","Nanopower, CMOS, single comparator","Texas Instruments","LPV7215MF/NOPB","SOT-23-5"
"U2203","1","LPV7215","LPV7215(SOT-23-5)","","","","LPV7215MF:SOT95P280X145-5N","datasheet/lpv7215.pdf","Nanopower, CMOS, single comparator","Texas Instruments","LPV7215MF/NOPB","SOT-23-5"
"U2204","1","LPV7215","LPV7215(SOT-23-5)","","","","LPV7215MF:SOT95P280X145-5N","datasheet/lpv7215.pdf","Nanopower, CMOS, single comparator","Texas Instruments","LPV7215MF/NOPB","SOT-23-5"
"U2205","1","LPV7215","LPV7215(SOT-23-5)","","","","LPV7215MF:SOT95P280X145-5N","datasheet/lpv7215.pdf","Nanopower, CMOS, single comparator","Texas Instruments","LPV7215MF/NOPB","SOT-23-5"
"U2206","1","LPV7215","LPV7215(SOT-23-5)","","","","LPV7215MF:SOT95P280X145-5N","datasheet/lpv7215.pdf","Nanopower, CMOS, single comparator","Texas Instruments","LPV7215MF/NOPB","SOT-23-5"
"U2207","1","LPV7215","LPV7215(SOT-23-5)","","","","LPV7215MF:SOT95P280X145-5N","datasheet/lpv7215.pdf","Nanopower, CMOS, single comparator","Texas Instruments","LPV7215MF/NOPB","SOT-23-5"
"U2208","1","LPV7215","LPV7215(SOT-23-5)","","","","LPV7215MF:SOT95P280X145-5N","datasheet/lpv7215.pdf","Nanopower, CMOS, single comparator","Texas Instruments","LPV7215MF/NOPB","SOT-23-5"
"U2209","1","LPV7215","LPV7215(SOT-23-5)","","","","LPV7215MF:SOT95P280X145-5N","datasheet/lpv7215.pdf","Nanopower, CMOS, single comparator","Texas Instruments","LPV7215MF/NOPB","SOT-23-5"
"U2210","1","LPV7215","LPV7215(SOT-23-5)","","","","LPV7215MF:SOT95P280X145-5N","datasheet/lpv7215.pdf","Nanopower, CMOS, single comparator","Texas Instruments","LPV7215MF/NOPB","SOT-23-5"
"U2211","1","LPV7215","LPV7215(SOT-23-5)","","","","LPV7215MF:SOT95P280X145-5N","datasheet/lpv7215.pdf","Nanopower, CMOS, single comparator","Texas Instruments","LPV7215MF/NOPB","SOT-23-5"
"U2212","1","LPV7215","LPV7215(SOT-23-5)","","","","LPV7215MF:SOT95P280X145-5N","datasheet/lpv7215.pdf","Nanopower, CMOS, single comparator","Texas Instruments","LPV7215MF/NOPB","SOT-23-5"
"U2213","1","LPV7215","LPV7215(SOT-23-5)","","","","LPV7215MF:SOT95P280X145-5N","datasheet/lpv7215.pdf","Nanopower, CMOS, single comparator","Texas Instruments","LPV7215MF/NOPB","SOT-23-5"
"U2214","1","LPV7215","LPV7215(SOT-23-5)","","","","LPV7215MF:SOT95P280X145-5N","datasheet/lpv7215.pdf","Nanopower, CMOS, single comparator","Texas Instruments","LPV7215MF/NOPB","SOT-23-5"
"U2215","1","LPV7215","LPV7215(SOT-23-5)","","","","LPV7215MF:SOT95P280X145-5N","datasheet/lpv7215.pdf","Nanopower, CMOS, single comparator","Texas Instruments","LPV7215MF/NOPB","SOT-23-5"
"U2216","1","LPV7215","LPV7215(SOT-23-5)","","","","LPV7215MF:SOT95P280X145-5N","datasheet/lpv7215.pdf","Nanopower, CMOS, single comparator","Texas Instruments","LPV7215MF/NOPB","SOT-23-5"
"U2301","1","OPA379","OPA379(SOT-23-5)","","","","Package_TO_SOT_SMD:SOT-23-5","datasheet/opa379.pdf","","Texas Instruments","","SOT-23-5"
